ISO 3166-1-alpha-2 code;Commons description page
AD;http://commons.wikimedia.org/wiki/File:Flag_of_Andorra.svg
AE;http://commons.wikimedia.org/wiki/File:Flag_of_the_United_Arab_Emirates.svg
AF;http://commons.wikimedia.org/wiki/File:Flag_of_Afghanistan.svg
AG;http://commons.wikimedia.org/wiki/File:Flag_of_Antigua_and_Barbuda.svg
AI;http://commons.wikimedia.org/wiki/File:Flag_of_Anguilla.svg
AL;http://commons.wikimedia.org/wiki/File:Flag_of_Albania.svg
AM;http://commons.wikimedia.org/wiki/File:Flag_of_Armenia.svg
AO;http://commons.wikimedia.org/wiki/File:Flag_of_Angola.svg
AQ;
AR;http://commons.wikimedia.org/wiki/File:Flag_of_Argentina.svg
AS;http://commons.wikimedia.org/wiki/File:Flag_of_American_Samoa.svg
AT;http://commons.wikimedia.org/wiki/File:Flag_of_Austria.svg
AU;http://commons.wikimedia.org/wiki/File:Flag_of_Australia.svg
AW;http://commons.wikimedia.org/wiki/File:Flag_of_Aruba.svg
AX;http://commons.wikimedia.org/wiki/File:Flag_of_%C3%85land.svg
AZ;http://commons.wikimedia.org/wiki/File:Flag_of_Azerbaijan.svg
BA;http://commons.wikimedia.org/wiki/File:Flag_of_Bosnia_and_Herzegovina.svg
BB;http://commons.wikimedia.org/wiki/File:Flag_of_Barbados.svg
BD;http://commons.wikimedia.org/wiki/File:Flag_of_Bangladesh.svg
BE;http://commons.wikimedia.org/wiki/File:Flag_of_Belgium.svg
BF;http://commons.wikimedia.org/wiki/File:Flag_of_Burkina_Faso.svg
BG;http://commons.wikimedia.org/wiki/File:Flag_of_Bulgaria.svg
BH;http://commons.wikimedia.org/wiki/File:Flag_of_Bahrain.svg
BI;http://commons.wikimedia.org/wiki/File:Flag_of_Burundi.svg
BJ;http://commons.wikimedia.org/wiki/File:Flag_of_Benin.svg
BL;http://commons.wikimedia.org/wiki/File:Flag_of_France.svg
BM;http://commons.wikimedia.org/wiki/File:Flag_of_Bermuda.svg
BN;http://commons.wikimedia.org/wiki/File:Flag_of_Brunei.svg
BO;http://commons.wikimedia.org/wiki/File:Flag_of_Bolivia.svg
BQ;http://commons.wikimedia.org/wiki/File:Flag_of_the_Netherlands.svg
BR;http://commons.wikimedia.org/wiki/File:Flag_of_Brazil.svg
BS;http://commons.wikimedia.org/wiki/File:Flag_of_the_Bahamas.svg
BT;http://commons.wikimedia.org/wiki/File:Flag_of_Bhutan.svg
BV;http://commons.wikimedia.org/wiki/File:Flag_of_Norway.svg
BW;http://commons.wikimedia.org/wiki/File:Flag_of_Botswana.svg
BY;http://commons.wikimedia.org/wiki/File:Flag_of_Belarus.svg
BZ;http://commons.wikimedia.org/wiki/File:Flag_of_Belize.svg
CA;http://commons.wikimedia.org/wiki/File:Flag_of_Canada.svg
CC;http://commons.wikimedia.org/wiki/File:Flag_of_the_Cocos_%28Keeling%29_Islands.svg
CD;http://commons.wikimedia.org/wiki/File:Flag_of_the_Democratic_Republic_of_the_Congo.svg
CF;http://commons.wikimedia.org/wiki/File:Flag_of_the_Central_African_Republic.svg
CG;http://commons.wikimedia.org/wiki/File:Flag_of_the_Republic_of_the_Congo.svg
CH;http://commons.wikimedia.org/wiki/File:Flag_of_Switzerland_%28Pantone%29.svg
CI;http://commons.wikimedia.org/wiki/File:Flag_of_Cote_d%27Ivoire.svg
CK;http://commons.wikimedia.org/wiki/File:Flag_of_the_Cook_Islands.svg
CL;http://commons.wikimedia.org/wiki/File:Flag_of_Chile.svg
CM;http://commons.wikimedia.org/wiki/File:Flag_of_Cameroon.svg
CN;http://commons.wikimedia.org/wiki/File:Flag_of_the_People%27s_Republic_of_China.svg
CO;http://commons.wikimedia.org/wiki/File:Flag_of_Colombia.svg
CR;http://commons.wikimedia.org/wiki/File:Flag_of_Costa_Rica_%28state%29.svg
CU;http://commons.wikimedia.org/wiki/File:Flag_of_Cuba.svg
CV;http://commons.wikimedia.org/wiki/File:Flag_of_Cape_Verde.svg
CW;http://commons.wikimedia.org/wiki/File:Flag_of_Cura%C3%A7ao.svg
CX;http://commons.wikimedia.org/wiki/File:Flag_of_Christmas_Island.svg
CY;http://commons.wikimedia.org/wiki/File:Flag_of_Cyprus.svg
CZ;http://commons.wikimedia.org/wiki/File:Flag_of_the_Czech_Republic.svg
DE;http://commons.wikimedia.org/wiki/File:Flag_of_Germany.svg
DJ;http://commons.wikimedia.org/wiki/File:Flag_of_Djibouti.svg
DK;http://commons.wikimedia.org/wiki/File:Flag_of_Denmark.svg
DM;http://commons.wikimedia.org/wiki/File:Flag_of_Dominica.svg
DO;http://commons.wikimedia.org/wiki/File:Flag_of_the_Dominican_Republic.svg
DZ;http://commons.wikimedia.org/wiki/File:Flag_of_Algeria.svg
EC;http://commons.wikimedia.org/wiki/File:Flag_of_Ecuador.svg
EE;http://commons.wikimedia.org/wiki/File:Flag_of_Estonia.svg
EG;http://commons.wikimedia.org/wiki/File:Flag_of_Egypt.svg
EH;
ER;http://commons.wikimedia.org/wiki/File:Flag_of_Eritrea.svg
ES;http://commons.wikimedia.org/wiki/File:Flag_of_Spain.svg
ET;http://commons.wikimedia.org/wiki/File:Flag_of_Ethiopia.svg
FI;http://commons.wikimedia.org/wiki/File:Flag_of_Finland.svg
FJ;http://commons.wikimedia.org/wiki/File:Flag_of_Fiji.svg
FK;http://commons.wikimedia.org/wiki/File:Flag_of_the_Falkland_Islands.svg
FM;http://commons.wikimedia.org/wiki/File:Flag_of_the_Federated_States_of_Micronesia.svg
FO;http://commons.wikimedia.org/wiki/File:Flag_of_the_Faroe_Islands.svg
FR;http://commons.wikimedia.org/wiki/File:Flag_of_France.svg
GA;http://commons.wikimedia.org/wiki/File:Flag_of_Gabon.svg
GB;http://commons.wikimedia.org/wiki/File:Flag_of_the_United_Kingdom.svg
GD;http://commons.wikimedia.org/wiki/File:Flag_of_Grenada.svg
GE;http://commons.wikimedia.org/wiki/File:Flag_of_Georgia.svg
GF;http://commons.wikimedia.org/wiki/File:Flag_of_France.svg
GG;http://commons.wikimedia.org/wiki/File:Flag_of_Guernsey.svg
GH;http://commons.wikimedia.org/wiki/File:Flag_of_Ghana.svg
GI;http://commons.wikimedia.org/wiki/File:Flag_of_Gibraltar.svg
GL;http://commons.wikimedia.org/wiki/File:Flag_of_Greenland.svg
GM;http://commons.wikimedia.org/wiki/File:Flag_of_The_Gambia.svg
GN;http://commons.wikimedia.org/wiki/File:Flag_of_Guinea.svg
GP;http://commons.wikimedia.org/wiki/File:Flag_of_Guadeloupe_%28local%29_variant.svg
GQ;http://commons.wikimedia.org/wiki/File:Flag_of_Equatorial_Guinea.svg
GR;http://commons.wikimedia.org/wiki/File:Flag_of_Greece.svg
GS;http://commons.wikimedia.org/wiki/File:Flag_of_South_Georgia_and_the_South_Sandwich_Islands.svg
GT;http://commons.wikimedia.org/wiki/File:Flag_of_Guatemala.svg
GU;http://commons.wikimedia.org/wiki/File:Flag_of_Guam.svg
GW;http://commons.wikimedia.org/wiki/File:Flag_of_Guinea-Bissau.svg
GY;http://commons.wikimedia.org/wiki/File:Flag_of_Guyana.svg
HK;http://commons.wikimedia.org/wiki/File:Flag_of_Hong_Kong.svg
HM;http://commons.wikimedia.org/wiki/File:Flag_of_Australia.svg
HN;http://commons.wikimedia.org/wiki/File:Flag_of_Honduras.svg
HR;http://commons.wikimedia.org/wiki/File:Flag_of_Croatia.svg
HT;http://commons.wikimedia.org/wiki/File:Flag_of_Haiti.svg
HU;http://commons.wikimedia.org/wiki/File:Flag_of_Hungary.svg
ID;http://commons.wikimedia.org/wiki/File:Flag_of_Indonesia.svg
IE;http://commons.wikimedia.org/wiki/File:Flag_of_Ireland.svg
IL;http://commons.wikimedia.org/wiki/File:Flag_of_Israel.svg
IM;http://commons.wikimedia.org/wiki/File:Flag_of_the_Isle_of_Man.svg
IN;http://commons.wikimedia.org/wiki/File:Flag_of_India.svg
IO;http://commons.wikimedia.org/wiki/File:Flag_of_the_British_Indian_Ocean_Territory.svg
IQ;http://commons.wikimedia.org/wiki/File:Flag_of_Iraq.svg
IR;http://commons.wikimedia.org/wiki/File:Flag_of_Iran.svg
IS;http://commons.wikimedia.org/wiki/File:Flag_of_Iceland.svg
IT;http://commons.wikimedia.org/wiki/File:Flag_of_Italy.svg
JE;http://commons.wikimedia.org/wiki/File:Flag_of_Jersey.svg
JM;http://commons.wikimedia.org/wiki/File:Flag_of_Jamaica.svg
JO;http://commons.wikimedia.org/wiki/File:Flag_of_Jordan.svg
JP;http://commons.wikimedia.org/wiki/File:Flag_of_Japan.svg
KE;http://commons.wikimedia.org/wiki/File:Flag_of_Kenya.svg
KG;http://commons.wikimedia.org/wiki/File:Flag_of_Kyrgyzstan.svg
KH;http://commons.wikimedia.org/wiki/File:Flag_of_Cambodia.svg
KI;http://commons.wikimedia.org/wiki/File:Flag_of_Kiribati.svg
KM;http://commons.wikimedia.org/wiki/File:Flag_of_the_Comoros.svg
KN;http://commons.wikimedia.org/wiki/File:Flag_of_Saint_Kitts_and_Nevis.svg
KP;http://commons.wikimedia.org/wiki/File:Flag_of_North_Korea.svg
KR;http://commons.wikimedia.org/wiki/File:Flag_of_South_Korea.svg
KW;http://commons.wikimedia.org/wiki/File:Flag_of_Kuwait.svg
KY;http://commons.wikimedia.org/wiki/File:Flag_of_the_Cayman_Islands.svg
KZ;http://commons.wikimedia.org/wiki/File:Flag_of_Kazakhstan.svg
LA;http://commons.wikimedia.org/wiki/File:Flag_of_Laos.svg
LB;http://commons.wikimedia.org/wiki/File:Flag_of_Lebanon.svg
LC;http://commons.wikimedia.org/wiki/File:Flag_of_Saint_Lucia.svg
LI;http://commons.wikimedia.org/wiki/File:Flag_of_Liechtenstein.svg
LK;http://commons.wikimedia.org/wiki/File:Flag_of_Sri_Lanka.svg
LR;http://commons.wikimedia.org/wiki/File:Flag_of_Liberia.svg
LS;http://commons.wikimedia.org/wiki/File:Flag_of_Lesotho.svg
LT;http://commons.wikimedia.org/wiki/File:Flag_of_Lithuania.svg
LU;http://commons.wikimedia.org/wiki/File:Flag_of_Luxembourg.svg
LV;http://commons.wikimedia.org/wiki/File:Flag_of_Latvia.svg
LY;http://commons.wikimedia.org/wiki/File:Flag_of_Libya.svg
MA;http://commons.wikimedia.org/wiki/File:Flag_of_Morocco.svg
MC;http://commons.wikimedia.org/wiki/File:Flag_of_Monaco.svg
MD;http://commons.wikimedia.org/wiki/File:Flag_of_Moldova.svg
ME;http://commons.wikimedia.org/wiki/File:Flag_of_Montenegro.svg
MF;http://commons.wikimedia.org/wiki/File:Flag_of_France.svg
MG;http://commons.wikimedia.org/wiki/File:Flag_of_Madagascar.svg
MH;http://commons.wikimedia.org/wiki/File:Flag_of_the_Marshall_Islands.svg
MK;http://commons.wikimedia.org/wiki/File:Flag_of_Macedonia.svg
ML;http://commons.wikimedia.org/wiki/File:Flag_of_Mali.svg
MM;http://commons.wikimedia.org/wiki/File:Flag_of_Myanmar.svg
MN;http://commons.wikimedia.org/wiki/File:Flag_of_Mongolia.svg
MO;http://commons.wikimedia.org/wiki/File:Flag_of_Macau.svg
MP;http://commons.wikimedia.org/wiki/File:Flag_of_the_Northern_Mariana_Islands.svg
MQ;http://commons.wikimedia.org/wiki/File:Flag_of_France.svg
MR;http://commons.wikimedia.org/wiki/File:Flag_of_Mauritania.svg
MS;http://commons.wikimedia.org/wiki/File:Flag_of_Montserrat.svg
MT;http://commons.wikimedia.org/wiki/File:Flag_of_Malta.svg
MU;http://commons.wikimedia.org/wiki/File:Flag_of_Mauritius.svg
MV;http://commons.wikimedia.org/wiki/File:Flag_of_Maldives.svg
MW;http://commons.wikimedia.org/wiki/File:Flag_of_Malawi.svg
MX;http://commons.wikimedia.org/wiki/File:Flag_of_Mexico.svg
MY;http://commons.wikimedia.org/wiki/File:Flag_of_Malaysia.svg
MZ;http://commons.wikimedia.org/wiki/File:Flag_of_Mozambique.svg
NA;http://commons.wikimedia.org/wiki/File:Flag_of_Namibia.svg
NC;http://commons.wikimedia.org/wiki/File:Flag_of_France.svg
NE;http://commons.wikimedia.org/wiki/File:Flag_of_Niger.svg
NF;http://commons.wikimedia.org/wiki/File:Flag_of_Norfolk_Island.svg
NG;http://commons.wikimedia.org/wiki/File:Flag_of_Nigeria.svg
NI;http://commons.wikimedia.org/wiki/File:Flag_of_Nicaragua.svg
NL;http://commons.wikimedia.org/wiki/File:Flag_of_the_Netherlands.svg
NO;http://commons.wikimedia.org/wiki/File:Flag_of_Norway.svg
NP;http://commons.wikimedia.org/wiki/File:Flag_of_Nepal.svg
NR;http://commons.wikimedia.org/wiki/File:Flag_of_Nauru.svg
NU;http://commons.wikimedia.org/wiki/File:Flag_of_Niue.svg
NZ;http://commons.wikimedia.org/wiki/File:Flag_of_New_Zealand.svg
OM;http://commons.wikimedia.org/wiki/File:Flag_of_Oman.svg
PA;http://commons.wikimedia.org/wiki/File:Flag_of_Panama.svg
PE;http://commons.wikimedia.org/wiki/File:Flag_of_Peru.svg
PF;http://commons.wikimedia.org/wiki/File:Flag_of_French_Polynesia.svg
PG;http://commons.wikimedia.org/wiki/File:Flag_of_Papua_New_Guinea.svg
PH;http://commons.wikimedia.org/wiki/File:Flag_of_the_Philippines.svg
PK;http://commons.wikimedia.org/wiki/File:Flag_of_Pakistan.svg
PL;http://commons.wikimedia.org/wiki/File:Flag_of_Poland.svg
PM;http://commons.wikimedia.org/wiki/File:Flag_of_Saint-Pierre_and_Miquelon.svg
PN;http://commons.wikimedia.org/wiki/File:Flag_of_the_Pitcairn_Islands.svg
PR;http://commons.wikimedia.org/wiki/File:Flag_of_Puerto_Rico.svg
PS;
PT;http://commons.wikimedia.org/wiki/File:Flag_of_Portugal.svg
PW;http://commons.wikimedia.org/wiki/File:Flag_of_Palau.svg
PY;http://commons.wikimedia.org/wiki/File:Flag_of_Paraguay.svg
QA;http://commons.wikimedia.org/wiki/File:Flag_of_Qatar.svg
RE;http://commons.wikimedia.org/wiki/File:Flag_of_France.svg
RO;http://commons.wikimedia.org/wiki/File:Flag_of_Romania.svg
RS;http://commons.wikimedia.org/wiki/File:Flag_of_Serbia.svg
RU;http://commons.wikimedia.org/wiki/File:Flag_of_Russia.svg
RW;http://commons.wikimedia.org/wiki/File:Flag_of_Rwanda.svg
SA;http://commons.wikimedia.org/wiki/File:Flag_of_Saudi_Arabia.svg
SB;http://commons.wikimedia.org/wiki/File:Flag_of_the_Solomon_Islands.svg
SC;http://commons.wikimedia.org/wiki/File:Flag_of_Seychelles.svg
SD;http://commons.wikimedia.org/wiki/File:Flag_of_Sudan.svg
SE;http://commons.wikimedia.org/wiki/File:Flag_of_Sweden.svg
SG;http://commons.wikimedia.org/wiki/File:Flag_of_Singapore.svg
SH;http://commons.wikimedia.org/wiki/File:Flag_of_Saint_Helena.svg
SI;http://commons.wikimedia.org/wiki/File:Flag_of_Slovenia.svg
SJ;
SK;http://commons.wikimedia.org/wiki/File:Flag_of_Slovakia.svg
SL;http://commons.wikimedia.org/wiki/File:Flag_of_Sierra_Leone.svg
SM;http://commons.wikimedia.org/wiki/File:Flag_of_San_Marino.svg
SN;http://commons.wikimedia.org/wiki/File:Flag_of_Senegal.svg
SO;http://commons.wikimedia.org/wiki/File:Flag_of_Somalia.svg
SR;http://commons.wikimedia.org/wiki/File:Flag_of_Suriname.svg
SS;http://commons.wikimedia.org/wiki/File:Flag_of_South_Sudan.svg
ST;http://commons.wikimedia.org/wiki/File:Flag_of_Sao_Tome_and_Principe.svg
SV;http://commons.wikimedia.org/wiki/File:Flag_of_El_Salvador.svg
SX;http://commons.wikimedia.org/wiki/File:Flag_of_Sint_Maarten.svg
SY;http://commons.wikimedia.org/wiki/File:Flag_of_Syria.svg
SZ;http://commons.wikimedia.org/wiki/File:Flag_of_Swaziland.svg
TC;http://commons.wikimedia.org/wiki/File:Flag_of_the_Turks_and_Caicos_Islands.svg
TD;http://commons.wikimedia.org/wiki/File:Flag_of_Chad.svg
TF;http://commons.wikimedia.org/wiki/File:Flag_of_the_French_Southern_and_Antarctic_Lands.svg
TG;http://commons.wikimedia.org/wiki/File:Flag_of_Togo.svg
TH;http://commons.wikimedia.org/wiki/File:Flag_of_Thailand.svg
TJ;http://commons.wikimedia.org/wiki/File:Flag_of_Tajikistan.svg
TK;http://commons.wikimedia.org/wiki/File:Flag_of_Tokelau.svg
TL;http://commons.wikimedia.org/wiki/File:Flag_of_East_Timor.svg
TM;http://commons.wikimedia.org/wiki/File:Flag_of_Turkmenistan.svg
TN;http://commons.wikimedia.org/wiki/File:Flag_of_Tunisia.svg
TO;http://commons.wikimedia.org/wiki/File:Flag_of_Tonga.svg
TR;http://commons.wikimedia.org/wiki/File:Flag_of_Turkey.svg
TT;http://commons.wikimedia.org/wiki/File:Flag_of_Trinidad_and_Tobago.svg
TV;http://commons.wikimedia.org/wiki/File:Flag_of_Tuvalu.svg
TW;http://commons.wikimedia.org/wiki/File:Flag_of_the_Republic_of_China.svg
TZ;http://commons.wikimedia.org/wiki/File:Flag_of_Tanzania.svg
UA;http://commons.wikimedia.org/wiki/File:Flag_of_Ukraine.svg
UG;http://commons.wikimedia.org/wiki/File:Flag_of_Uganda.svg
UM;http://commons.wikimedia.org/wiki/File:Flag_of_the_United_States.svg
US;http://commons.wikimedia.org/wiki/File:Flag_of_the_United_States_%28Pantone%29.svg
UY;http://commons.wikimedia.org/wiki/File:Flag_of_Uruguay.svg
UZ;http://commons.wikimedia.org/wiki/File:Flag_of_Uzbekistan.svg
VA;http://commons.wikimedia.org/wiki/File:Flag_of_the_Vatican_City.svg
VC;http://commons.wikimedia.org/wiki/File:Flag_of_Saint_Vincent_and_the_Grenadines.svg
VE;http://commons.wikimedia.org/wiki/File:Flag_of_Venezuela.svg
VG;http://commons.wikimedia.org/wiki/File:Flag_of_the_British_Virgin_Islands.svg
VI;http://commons.wikimedia.org/wiki/File:Flag_of_the_United_States_Virgin_Islands.svg
VN;http://commons.wikimedia.org/wiki/File:Flag_of_Vietnam.svg
VU;http://commons.wikimedia.org/wiki/File:Flag_of_Vanuatu.svg
WF;http://commons.wikimedia.org/wiki/File:Flag_of_France.svg
WS;http://commons.wikimedia.org/wiki/File:Flag_of_Samoa.svg
YE;http://commons.wikimedia.org/wiki/File:Flag_of_Yemen.svg
YT;http://commons.wikimedia.org/wiki/File:Flag_of_France.svg
ZA;http://commons.wikimedia.org/wiki/File:Flag_of_South_Africa.svg
ZM;http://commons.wikimedia.org/wiki/File:Flag_of_Zambia.svg
ZW;http://commons.wikimedia.org/wiki/File:Flag_of_Zimbabwe.svg
